direction_id,model_name,threshold_value,threshold_source,source_dataset,target_dataset,source_high_rate,target_high_rate,notes
Exp1_to_Exp2,M0,5.32881440770392,source_validation_p95,Exp1,Exp2,0.021283598464070214,0.01597444089456869,State-region threshold selected from source validation only; not an alarm threshold.
Exp1_to_Exp2,M1,4.344610394807182,source_validation_p95,Exp1,Exp2,0.1564454196379594,0.0,State-region threshold selected from source validation only; not an alarm threshold.
Exp1_to_Exp2,M2,5.831099525183919,source_validation_p95,Exp1,Exp2,0.14339001645639057,0.0,State-region threshold selected from source validation only; not an alarm threshold.
Exp1_to_Exp2,M3_equal,5.4203467652739405,source_validation_p95,Exp1,Exp2,0.16741634668129457,0.0,State-region threshold selected from source validation only; not an alarm threshold.
Exp1_to_Exp2,M3_weighted,7.662469321578319,source_validation_p95,Exp1,Exp2,0.025671969281404278,0.0,State-region threshold selected from source validation only; not an alarm threshold.
Exp2_to_Exp1,M0,4.410593952502913,source_validation_p95,Exp2,Exp1,0.10791622293219737,0.0746023038946791,State-region threshold selected from source validation only; not an alarm threshold.
Exp2_to_Exp1,M1,3.78715452151584,source_validation_p95,Exp2,Exp1,0.07703230386936458,0.0,State-region threshold selected from source validation only; not an alarm threshold.
Exp2_to_Exp1,M2,4.499028757980408,source_validation_p95,Exp2,Exp1,0.12744053958111465,0.0,State-region threshold selected from source validation only; not an alarm threshold.
Exp2_to_Exp1,M3_equal,4.681238410148526,source_validation_p95,Exp2,Exp1,0.1313454029108981,0.0,State-region threshold selected from source validation only; not an alarm threshold.
Exp2_to_Exp1,M3_weighted,5.255584105005159,source_validation_p95,Exp2,Exp1,0.09052183173588925,0.0,State-region threshold selected from source validation only; not an alarm threshold.
